rank,awards_nominations,awards_wins,gross_worldwide_usd,movie_id,movie_link,origin,rating,runtime_mins,title,votes,year,Action,Adventure,Animation,Biography,Comedy,Crime,Drama,Family,Fantasy,Film-Noir,History,Horror,Music,Musical,Mystery,Romance,Sci-Fi,Sport,Thriller,War,Western
1,43.0,21.0,28884504,tt0111161,https://www.imdb.com/title/tt0111161/,United States,9.233691195835648,142,The Shawshank Redemption,2588251,1994,0,0,0,0,0,0,1,0,0,0,0,0,0,0,0,0,0,0,0,0,0
69,103.0,39.0,1081153097,tt1345836,https://www.imdb.com/title/tt1345836/,"United States,United Kingdom",8.329052326234178,164,The Dark Knight Rises,1653861,2012,1,0,0,0,0,1,1,0,0,0,0,0,0,0,0,0,0,0,0,0,0
73,34.0,33.0,213216216,tt0112573,https://www.imdb.com/title/tt0112573/,United States,8.315717208898677,178,Braveheart,1017358,1995,0,0,0,1,0,0,1,0,0,0,1,0,0,0,0,0,0,0,0,1,0
70,57.0,82.0,375540831,tt4633694,https://www.imdb.com/title/tt4633694/,United States,8.327455076615172,57,Spider-Man: Into the Spider-Verse,490886,2018,1,1,1,0,1,0,0,1,1,0,0,0,0,0,0,0,1,0,0,0,0
68,11.0,14.0,9523464,tt0057012,https://www.imdb.com/title/tt0057012/,"United Kingdom,United States",8.334247533561218,35,Dr. Strangelove or: How I Learned to Stop Worrying and Love the Bomb,480547,1964,0,0,0,0,1,0,0,0,0,0,0,0,0,0,0,0,0,0,0,1,0
67,102.0,111.0,356296601,tt0169547,https://www.imdb.com/title/tt0169547/,United States,8.338697545017688,122,American Beauty,1132314,1999,0,0,0,0,0,0,1,0,0,0,0,0,0,0,0,0,0,0,0,0,0
72,21.0,40.0,15194593,tt0364569,https://www.imdb.com/title/tt0364569/,South Korea,8.319881966271344,120,Oldboy,562281,2003,1,0,0,0,0,0,1,0,0,0,0,0,0,0,1,0,0,0,1,0,0
71,239.0,122.0,1074445730,tt7286456,https://www.imdb.com/title/tt7286456/,"United States,Canada",8.320502346851235,122,Joker,1193215,2019,0,0,0,0,0,1,1,0,0,0,0,0,0,0,0,0,0,0,1,0,0
66,23.0,20.0,131060248,tt0090605,https://www.imdb.com/title/tt0090605/,"United Kingdom,United States",8.34455164656951,137,Aliens,699935,1986,1,1,0,0,0,0,0,0,0,0,0,0,0,0,0,0,1,0,1,0,0
64,16.0,4.0,7693,tt0051201,https://www.imdb.com/title/tt0051201/,United States,8.356696828485683,56,Witness for the Prosecution,122202,1957,0,0,0,0,0,1,1,0,0,0,0,0,0,0,1,0,0,0,1,0,0
62,8.0,4.0,47299460,tt0081505,https://www.imdb.com/title/tt0081505/,"United Kingdom,United States",8.36807921314429,146,The Shining,985818,1980,0,0,0,0,0,0,1,0,0,0,0,1,0,0,0,0,0,0,0,0,0
60,20.0,18.0,300073,tt0043014,https://www.imdb.com/title/tt0043014/,United States,8.383315428866633,50,Sunset Blvd.,217734,1950,0,0,0,0,0,0,1,0,0,1,0,0,0,0,0,0,0,0,0,0,0
65,79.0,46.0,2048359754,tt4154756,https://www.imdb.com/title/tt4154756/,United States,8.35440934642191,149,Avengers: Infinity War,1015370,2018,1,1,0,0,0,0,0,0,0,0,0,0,0,0,0,0,1,0,0,0,0
61,4.0,7.0,5252,tt0050825,https://www.imdb.com/title/tt0050825/,United States,8.37071558627632,28,Paths of Glory,193487,1957,0,0,0,0,0,0,1,0,0,0,0,0,0,0,0,0,0,0,0,1,0
59,38.0,80.0,77356942,tt0405094,https://www.imdb.com/title/tt0405094/,"Germany,France",8.386678506155524,137,The Lives of Others,383409,2006,0,0,0,0,0,0,1,0,0,0,0,0,0,0,1,0,0,0,1,0,0
63,6.0,6.0,970263,tt0032553,https://www.imdb.com/title/tt0032553/,United States,8.366826691924903,125,The Great Dictator,220230,1940,0,0,0,0,1,0,1,0,0,0,0,0,0,0,0,0,0,0,0,1,0
250,0.0,3.0,0,tt15097216,https://www.imdb.com/title/tt15097216/,India,8.000731423415921,164,Jai Bhim,188895,2021,0,0,0,0,0,1,1,0,0,0,0,0,0,0,1,0,0,0,0,0,0
248,32.0,32.0,424967620,tt0101414,https://www.imdb.com/title/tt0101414/,United States,8.00370861935269,24,Beauty and the Beast,442775,1991,0,0,1,0,0,0,0,1,1,0,0,0,0,1,0,1,0,0,0,0,0
249,38.0,51.0,424208848,tt0099348,https://www.imdb.com/title/tt0099348/,"United States,United Kingdom",8.00166573121399,180,Dances with Wolves,260198,1990,0,1,0,0,0,0,1,0,0,0,0,0,0,0,0,0,0,0,0,0,1
247,121.0,79.0,216639112,tt1454029,https://www.imdb.com/title/tt1454029/,United States,8.004953653793848,146,The Help,450132,2011,0,0,0,0,0,0,1,0,0,0,0,0,0,0,0,0,0,0,0,0,0
246,22.0,33.0,504050219,tt0103639,https://www.imdb.com/title/tt0103639/,United States,8.007039104346966,30,Aladdin,403673,1992,0,1,1,0,1,0,0,1,1,0,0,0,0,1,0,1,0,0,0,0,0
244,108.0,70.0,37767206,tt4016934,https://www.imdb.com/title/tt4016934/,South Korea,8.008963697515398,145,The Handmaiden,138758,2016,0,0,0,0,0,0,1,0,0,0,0,0,0,0,0,1,0,0,1,0,0
245,21.0,35.0,52767889,tt0083987,https://www.imdb.com/title/tt0083987/,"United Kingdom,India,United States,South Africa",8.007156867562555,191,Gandhi,228145,1982,0,0,0,1,0,0,1,0,0,0,0,0,0,0,0,0,0,0,0,0,0
242,13.0,17.0,159428329,tt0059742,https://www.imdb.com/title/tt0059742/,United States,8.01367198772577,172,The Sound of Music,226758,1965,0,0,0,1,0,0,1,1,0,0,0,0,0,1,0,1,0,0,0,0,0
241,0.0,0.0,20745728,tt0079470,https://www.imdb.com/title/tt0079470/,United Kingdom,8.015253040232393,34,Life of Brian,393064,1979,0,0,0,0,1,0,0,0,0,0,0,0,0,0,0,0,0,0,0,0,0
240,15.0,8.0,412914,tt0113247,https://www.imdb.com/title/tt0113247/,"France,United States",8.015582649388753,38,La Haine,168405,1995,0,0,0,0,0,1,1,0,0,0,0,0,0,0,0,0,0,0,0,0,0
239,5.0,11.0,90556,tt0060827,https://www.imdb.com/title/tt0060827/,Sweden,8.015921476998562,23,Persona,115728,1966,0,0,0,0,0,0,1,0,0,0,0,0,0,0,0,0,0,0,1,0,0
243,2.0,11.0,0,tt0025316,https://www.imdb.com/title/tt0025316/,United States,8.013566328184709,45,It Happened One Night,102331,1934,0,0,0,0,1,0,0,0,0,0,0,0,0,0,0,1,0,0,0,0,0
238,7.0,14.0,18612999,tt0476735,https://www.imdb.com/title/tt0476735/,Turkey,8.016143779463116,52,My Father and My Son,85631,2005,0,0,0,0,0,0,1,1,0,0,0,0,0,0,0,0,0,0,0,0,0
236,104.0,38.0,654264015,tt0325980,https://www.imdb.com/title/tt0325980/,United States,8.016861366362631,143,Pirates of the Caribbean: The Curse of the Black Pearl,1085517,2003,1,1,0,0,0,0,0,0,1,0,0,0,0,0,0,0,0,0,0,0,0
235,2.0,8.0,14480,tt0071411,https://www.imdb.com/title/tt0071411/,"Soviet Union,Japan",8.017890214740454,142,Dersu Uzala,28316,1975,0,1,0,1,0,0,1,0,0,0,0,0,0,0,0,0,0,0,0,0,0
237,7.0,10.0,127244,tt0053198,https://www.imdb.com/title/tt0053198/,France,8.016242240440889,39,The 400 Blows,115609,1959,0,0,0,0,0,1,1,0,0,0,0,0,0,0,0,0,0,0,0,0,0
233,10.0,4.0,67,tt0061512,https://www.imdb.com/title/tt0061512/,United States,8.02153683740853,127,Cool Hand Luke,174608,1967,0,0,0,0,0,1,1,0,0,0,0,0,0,0,0,0,0,0,0,0,0
234,25.0,55.0,20908467,tt0245712,https://www.imdb.com/title/tt0245712/,Mexico,8.021357726062213,154,Amores perros,237311,2000,0,0,0,0,0,0,1,0,0,0,0,0,0,0,0,0,0,0,1,0,0
232,0.0,0.0,46749646,tt1028532,https://www.imdb.com/title/tt1028532/,"United Kingdom,United States",8.021793545987425,33,Hachi: A Dog's Tale,277930,2009,0,0,0,1,0,0,1,1,0,0,0,0,0,0,0,0,0,0,0,0,0
231,5.0,10.0,0,tt0032551,https://www.imdb.com/title/tt0032551/,United States,8.022168459547546,129,The Grapes of Wrath,91705,1940,0,0,0,0,0,0,1,0,0,0,0,0,0,0,0,0,0,0,0,0,0
229,10.0,7.0,72275,tt0032976,https://www.imdb.com/title/tt0032976/,United States,8.022982891074804,130,Rebecca,135180,1940,0,0,0,0,0,0,1,0,0,1,0,0,0,0,1,1,0,0,1,0,0
230,9.0,9.0,962002,tt0058946,https://www.imdb.com/title/tt0058946/,"Italy,Algeria",8.022913978365018,120,The Battle of Algiers,59132,1966,0,0,0,0,0,0,1,0,0,0,0,0,0,0,0,0,0,0,0,1,0
227,56.0,67.0,631607053,tt0317705,https://www.imdb.com/title/tt0317705/,United States,8.025171180260628,55,The Incredibles,710843,2004,1,1,1,0,0,0,0,1,0,0,0,0,0,0,0,0,0,0,0,0,0
225,32.0,9.0,15936507,tt0381681,https://www.imdb.com/title/tt0381681/,"United States,France",8.027970258599373,20,Before Sunset,257360,2004,0,0,0,0,0,0,1,0,0,0,0,0,0,0,0,1,0,0,0,0,0
226,4.0,21.0,23656620,tt0036868,https://www.imdb.com/title/tt0036868/,United States,8.025763899382731,170,The Best Years of Our Lives,63170,1946,0,0,0,0,0,0,1,0,0,0,0,0,0,0,0,1,0,0,0,1,0
228,2.0,2.0,4578000,tt0035446,https://www.imdb.com/title/tt0035446/,United States,8.024397044148989,39,To Be or Not to Be,36072,1942,0,0,0,0,1,0,0,0,0,0,0,0,0,0,0,1,0,0,0,1,0
223,42.0,67.0,623726085,tt0382932,https://www.imdb.com/title/tt0382932/,United States,8.03059204481142,51,Ratatouille,704105,2007,0,1,1,0,1,0,0,1,1,0,0,0,0,0,0,0,0,0,0,0,0
224,17.0,16.0,441306145,tt0070047,https://www.imdb.com/title/tt0070047/,United States,8.028701898184986,122,The Exorcist,392489,1973,0,0,0,0,0,0,0,0,0,0,0,1,0,0,0,0,0,0,0,0,0
222,17.0,7.0,71108591,tt0107048,https://www.imdb.com/title/tt0107048/,United States,8.032955348381158,41,Groundhog Day,615062,1993,0,0,0,0,1,0,1,0,1,0,0,0,0,0,0,1,0,0,0,0,0
221,80.0,28.0,619179950,tt3315342,https://www.imdb.com/title/tt3315342/,United States,8.034755654265822,137,Logan,730322,2017,1,0,0,0,0,0,1,0,0,0,0,0,0,0,0,0,1,0,1,0,0
220,16.0,13.0,25637669,tt0032138,https://www.imdb.com/title/tt0032138/,United States,8.036095176188573,42,The Wizard of Oz,390287,1939,0,1,0,0,0,0,0,1,1,0,0,0,0,1,0,0,0,0,0,0,0
217,143.0,124.0,98690254,tt1895587,https://www.imdb.com/title/tt1895587/,United States,8.039249841493968,129,Spotlight,459653,2015,0,0,0,1,0,1,1,0,0,0,0,0,0,0,0,0,0,0,0,0,0
218,106.0,23.0,56675895,tt0758758,https://www.imdb.com/title/tt0758758/,United States,8.038365474794873,148,Into the Wild,612308,2007,0,1,0,1,0,0,1,0,0,0,0,0,0,0,0,0,0,0,0,0,0
216,65.0,6.0,96983009,tt1979320,https://www.imdb.com/title/tt1979320/,"United Kingdom,United States",8.039942772322048,123,Rush,468887,2013,1,0,0,1,0,0,1,0,0,0,0,0,0,0,0,0,0,1,0,0,0
219,26.0,20.0,23690757,tt0074958,https://www.imdb.com/title/tt0074958/,United States,8.0371632896955,120,Network,157181,1976,0,0,0,0,0,0,1,0,0,0,0,0,0,0,0,0,0,0,0,0,0
214,11.0,5.0,52287414,tt0092005,https://www.imdb.com/title/tt0092005/,United States,8.042440964152481,29,Stand by Me,393603,1986,0,1,0,0,0,0,1,0,0,0,0,0,0,0,0,0,0,0,0,0,0
215,6.0,8.0,78371200,tt0088247,https://www.imdb.com/title/tt0088247/,"United Kingdom,United States",8.041331897501339,47,The Terminator,842556,1984,1,0,0,0,0,0,0,0,0,0,0,0,0,0,0,0,1,0,0,0,0
212,22.0,20.0,117250402,tt0075148,https://www.imdb.com/title/tt0075148/,United States,8.04732168736043,120,Rocky,560340,1976,0,0,0,0,0,0,1,0,0,0,0,0,0,0,0,0,0,1,0,0,0
209,0.0,3.0,40468,tt0046438,https://www.imdb.com/title/tt0046438/,Japan,8.051977005680675,136,Tokyo Story,60393,1953,0,0,0,0,0,0,1,0,0,0,0,0,0,0,0,0,0,0,0,0,0
211,15.0,24.0,138545632,tt0091763,https://www.imdb.com/title/tt0091763/,"United States,United Kingdom",8.047697669942421,120,Platoon,406892,1986,0,0,0,0,0,0,1,0,0,0,0,0,0,0,0,0,0,0,0,1,0
210,19.0,20.0,235860116,tt0097165,https://www.imdb.com/title/tt0097165/,United States,8.05169949085868,128,Dead Poets Society,472459,1989,0,0,0,0,1,0,1,0,0,0,0,0,0,0,0,0,0,0,0,0,0
208,49.0,16.0,33882243,tt0395169,https://www.imdb.com/title/tt0395169/,"United Kingdom,South Africa,Italy,United States",8.053573156997796,120,Hotel Rwanda,351199,2004,0,0,0,1,0,0,1,0,0,0,1,0,0,0,0,0,0,0,0,1,0
213,91.0,25.0,225508210,tt1950186,https://www.imdb.com/title/tt1950186/,United States,8.045042812161617,152,Ford v Ferrari,367381,2019,1,0,0,1,0,0,1,0,0,0,0,0,0,0,0,0,0,1,0,0,0
206,2.0,5.0,21877,tt0019254,https://www.imdb.com/title/tt0019254/,France,8.05631061905111,54,The Passion of Joan of Arc,53605,1928,0,0,0,1,0,0,1,0,0,0,1,0,0,0,0,0,0,0,0,0,0
207,2.0,11.0,135342,tt0048473,https://www.imdb.com/title/tt0048473/,India,8.05563744511254,125,Pather Panchali,31581,1955,0,0,0,0,0,0,1,0,0,0,0,0,0,0,0,0,0,0,0,0,0
205,20.0,15.0,471411300,tt0073195,https://www.imdb.com/title/tt0073195/,United States,8.057833811726438,124,Jaws,583519,1975,0,1,0,0,0,0,0,0,0,0,0,0,0,0,0,0,0,0,1,0,0
202,233.0,247.0,375709470,tt1392190,https://www.imdb.com/title/tt1392190/,"Australia,United States",8.061371735856815,120,Mad Max: Fury Road,969852,2015,1,1,0,0,0,0,0,0,0,0,0,0,0,0,0,0,1,0,1,0,0
203,9.0,5.0,1740429,tt0978762,https://www.imdb.com/title/tt0978762/,Australia,8.06053458726935,32,Mary and Max,175075,2009,0,0,1,0,1,0,1,0,0,0,0,0,0,0,0,0,0,0,0,0,0
200,18.0,5.0,46969081,tt0118715,https://www.imdb.com/title/tt0118715/,"United States,United Kingdom",8.06338835748747,57,The Big Lebowski,790962,1998,0,0,0,0,1,1,0,0,0,0,0,0,0,0,0,0,0,0,0,0,0
201,63.0,25.0,494879471,tt0892769,https://www.imdb.com/title/tt0892769/,United States,8.0620730502325,38,How to Train Your Dragon,720463,2010,1,1,1,0,1,0,0,1,1,0,0,0,0,0,0,0,0,0,0,0,0
204,38.0,15.0,579707738,tt0198781,https://www.imdb.com/title/tt0198781/,United States,8.058037346540573,32,"Monsters, Inc.",883800,2001,0,1,1,0,1,0,0,1,1,0,0,0,0,0,0,0,0,0,0,0,0
199,58.0,49.0,30642704,tt3011894,https://www.imdb.com/title/tt3011894/,"Argentina,Spain,France,United Kingdom",8.064822060177283,122,Wild Tales,193872,2014,0,0,0,0,1,0,1,0,0,0,0,0,0,0,0,0,0,0,1,0,0
198,26.0,11.0,0,tt4729430,https://www.imdb.com/title/tt4729430/,"Spain,United Kingdom",8.065842291133254,36,Klaus,142095,2019,0,1,1,0,1,0,0,1,0,0,0,0,0,0,0,0,0,0,0,0,0
197,115.0,56.0,180563636,tt2119532,https://www.imdb.com/title/tt2119532/,"Australia,United States",8.06648221502194,139,Hacksaw Ridge,502501,2016,0,0,0,1,0,0,1,0,0,0,1,0,0,0,0,0,0,0,0,1,0
196,2.0,10.0,288931,tt0050976,https://www.imdb.com/title/tt0050976/,Sweden,8.066700414067702,36,The Seventh Seal,181894,1957,0,0,0,0,0,0,1,0,1,0,0,0,0,0,0,0,0,0,0,0,0
195,5.0,33.0,1166717,tt0353969,https://www.imdb.com/title/tt0353969/,South Korea,8.067981111513792,132,Memories of Murder,173482,2003,0,0,0,0,0,1,1,0,0,0,0,0,0,0,1,0,0,0,1,0,0
193,15.0,19.0,198992,tt0072684,https://www.imdb.com/title/tt0072684/,"United Kingdom,United States",8.068641003665022,185,Barry Lyndon,164137,1975,0,1,0,0,0,0,1,0,0,0,0,0,0,0,0,0,0,0,0,1,0
192,0.0,0.0,0,tt0015324,https://www.imdb.com/title/tt0015324/,United States,8.070069625062912,45,Sherlock Jr.,48588,1924,1,0,0,0,1,0,0,0,0,0,0,0,0,0,0,1,0,0,0,0,0
191,0.0,6.0,1098,tt0046268,https://www.imdb.com/title/tt0046268/,"France,Italy",8.070380944931225,131,The Wages of Fear,60117,1953,0,1,0,0,0,0,1,0,0,0,0,0,0,0,0,0,0,0,1,0,0
194,140.0,108.0,35401758,tt3170832,https://www.imdb.com/title/tt3170832/,"Ireland,Canada,United Kingdom,United States",8.06851232122941,58,Room,409538,2015,0,0,0,0,0,0,1,0,0,0,0,0,0,0,0,0,0,0,1,0,0
190,16.0,6.0,144738,tt0031679,https://www.imdb.com/title/tt0031679/,United States,8.071646036257256,129,Mr. Smith Goes to Washington,114404,1939,0,0,0,0,1,0,1,0,0,0,0,0,0,0,0,0,0,0,0,0,0
189,226.0,134.0,173082189,tt2278388,https://www.imdb.com/title/tt2278388/,"United States,Germany",8.071895533371034,39,The Grand Budapest Hotel,781450,2014,0,1,0,0,1,1,0,0,0,0,0,0,0,0,0,0,0,0,0,0,0
188,41.0,7.0,65796862,tt0107207,https://www.imdb.com/title/tt0107207/,"Ireland,United Kingdom",8.0746607447958,133,In the Name of the Father,171709,1993,0,0,0,1,0,1,1,0,0,0,0,0,0,0,0,0,0,0,0,0,0
187,94.0,46.0,1342359942,tt1201607,https://www.imdb.com/title/tt1201607/,"United Kingdom,United States",8.075392002791876,130,Harry Potter and the Deathly Hallows: Part 2,846631,2011,0,1,0,0,0,0,0,0,1,0,0,0,0,0,1,0,0,0,0,0,0
185,27.0,24.0,49074379,tt0077416,https://www.imdb.com/title/tt0077416/,"United States,United Kingdom",8.076145197718715,183,The Deer Hunter,333791,1978,0,0,0,0,0,0,1,0,0,0,0,0,0,0,0,0,0,0,0,1,0
186,7.0,0.0,5987386,tt0112471,https://www.imdb.com/title/tt0112471/,"United States,Austria",8.075943478386643,41,Before Sunrise,298822,1995,0,0,0,0,0,0,1,0,0,0,0,0,0,0,0,1,0,0,0,0,0
183,188.0,64.0,369330363,tt2267998,https://www.imdb.com/title/tt2267998/,United States,8.07750752323334,149,Gone Girl,952041,2014,0,0,0,0,0,0,1,0,0,0,0,0,0,0,1,0,0,0,1,0,0
181,0.0,2.0,0,tt0017925,https://www.imdb.com/title/tt0017925/,United States,8.078401626425626,7,The General,89956,1926,1,1,0,0,1,0,1,0,0,0,0,0,0,0,0,0,0,0,0,1,0
180,16.0,29.0,74437720,tt0052618,https://www.imdb.com/title/tt0052618/,United States,8.07900484311219,212,Ben-Hur,235725,1959,0,1,0,0,0,0,1,0,0,0,1,0,0,0,0,0,0,0,0,0,0
182,337.0,242.0,187733202,tt2024544,https://www.imdb.com/title/tt2024544/,"United States,United Kingdom",8.078045621748505,134,12 Years a Slave,686297,2013,0,0,0,1,0,0,1,0,0,0,1,0,0,0,0,0,0,0,0,0,0
184,4.0,18.0,14524,tt0050986,https://www.imdb.com/title/tt0050986/,Sweden,8.07725217538326,31,Wild Strawberries,105732,1957,0,0,0,0,0,0,1,0,0,0,0,0,0,0,0,1,0,0,0,0,0
179,5.0,13.0,933933,tt0118849,https://www.imdb.com/title/tt0118849/,Iran,8.081893181575834,29,Children of Heaven,73573,1997,0,0,0,0,0,0,1,1,0,0,0,0,0,0,0,0,0,1,0,0,0
174,3.0,3.0,26975,tt0015864,https://www.imdb.com/title/tt0015864/,United States,8.087850716774343,35,The Gold Rush,109778,1925,0,1,0,0,1,0,1,0,0,0,0,0,0,0,0,0,0,0,0,0,1
178,4.0,5.0,1226797,tt0041959,https://www.imdb.com/title/tt0041959/,United Kingdom,8.083070318680463,33,The Third Man,169533,1949,0,0,0,0,0,0,0,0,0,1,0,0,0,0,1,0,0,0,1,0,0
173,86.0,67.0,216763646,tt0405159,https://www.imdb.com/title/tt0405159/,United States,8.090211302088218,132,Million Dollar Baby,675659,2004,0,0,0,0,0,0,1,0,0,0,0,0,0,0,0,0,0,1,0,0,0
177,9.0,30.0,0,tt0047296,https://www.imdb.com/title/tt0047296/,United States,8.085255047115067,48,On the Waterfront,152854,1954,0,0,0,0,0,1,1,0,0,0,0,0,0,0,0,0,0,0,1,0,0
176,46.0,16.0,352114312,tt0264464,https://www.imdb.com/title/tt0264464/,"United States,Canada",8.085524459042931,141,Catch Me If You Can,939612,2002,0,0,0,1,0,1,1,0,0,0,0,0,0,0,0,0,0,0,0,0,0
175,19.0,12.0,41722424,tt0083658,https://www.imdb.com/title/tt0083658/,United States,8.087290732110008,57,Blade Runner,749347,1982,1,0,0,0,0,0,1,0,0,0,0,0,0,0,0,0,1,0,1,0,0
171,2.0,5.0,30574632,tt0096283,https://www.imdb.com/title/tt0096283/,Japan,8.095685617240525,26,My Neighbor Totoro,327770,1988,0,0,1,0,1,0,0,1,1,0,0,0,0,0,0,0,0,0,0,0,0
172,38.0,10.0,122126687,tt1392214,https://www.imdb.com/title/tt1392214/,United States,8.093840617359378,153,Prisoners,680690,2013,0,0,0,0,0,1,1,0,0,0,0,0,0,0,1,0,0,0,1,0,0
170,58.0,83.0,60611975,tt0116282,https://www.imdb.com/title/tt0116282/,"United States,United Kingdom",8.103582939565134,38,Fargo,664204,1996,0,0,0,0,0,1,0,0,0,0,0,0,0,0,0,0,0,0,1,0,0
168,22.0,21.0,269958228,tt1205489,https://www.imdb.com/title/tt1205489/,"Germany,United States",8.105836387857657,56,Gran Torino,762007,2008,0,0,0,0,0,0,1,0,0,0,0,0,0,0,0,0,0,0,0,0,0
169,22.0,5.0,23308615,tt1291584,https://www.imdb.com/title/tt1291584/,United States,8.10554512803357,140,Warrior,463658,2011,1,0,0,0,0,0,1,0,0,0,0,0,0,0,0,0,0,1,0,0,0
167,35.0,23.0,16767475,tt0117951,https://www.imdb.com/title/tt0117951/,United Kingdom,8.111773269294916,33,Trainspotting,674203,1996,0,0,0,0,0,0,1,0,0,0,0,0,0,0,0,0,0,0,0,0,0
166,235.0,133.0,160260573,tt5027774,https://www.imdb.com/title/tt5027774/,"United Kingdom,United States",8.111870566224761,55,"Three Billboards Outside Ebbing, Missouri",490403,2017,0,0,0,0,1,1,1,0,0,0,0,0,0,0,0,0,0,0,0,0,0
165,20.0,14.0,236323601,tt0347149,https://www.imdb.com/title/tt0347149/,Japan,8.114139086263371,59,Howl's Moving Castle,379679,2004,0,1,1,0,0,0,0,1,1,0,0,0,0,0,0,0,0,0,0,0,0
164,8.0,30.0,27200000,tt0050212,https://www.imdb.com/title/tt0050212/,"United Kingdom,United States",8.114968493171219,161,The Bridge on the River Kwai,217328,1957,0,1,0,0,0,0,1,0,0,0,0,0,0,0,0,0,0,0,0,1,0
161,3.0,0.0,19632053,tt0084787,https://www.imdb.com/title/tt0084787/,United States,8.123743229297085,49,The Thing,409742,1982,0,0,0,0,0,0,0,0,0,0,0,1,0,0,1,0,1,0,0,0,0
163,43.0,53.0,35079650,tt1305806,https://www.imdb.com/title/tt1305806/,"Argentina,Spain",8.118438253443545,129,The Secret in Their Eyes,206538,2009,0,0,0,0,0,0,1,0,0,0,0,0,0,0,1,1,0,0,1,0,0
162,3.0,5.0,31207,tt0046912,https://www.imdb.com/title/tt0046912/,United States,8.119125637921066,45,Dial M for Murder,172550,1954,0,0,0,0,0,1,0,0,0,0,0,0,0,0,0,0,0,0,1,0,0
157,12.0,21.0,402382193,tt0031381,https://www.imdb.com/title/tt0031381/,United States,8.127278751388229,238,Gone with the Wind,310382,1939,0,0,0,0,0,0,1,0,0,0,1,0,0,0,0,1,0,0,0,1,0
159,116.0,101.0,858848019,tt2096673,https://www.imdb.com/title/tt2096673/,United States,8.1250989062612,35,Inside Out,688340,2015,0,1,1,0,1,0,1,1,1,0,0,0,0,0,0,0,0,0,0,0,0
160,9.0,13.0,3753929,tt0120735,https://www.imdb.com/title/tt0120735/,United Kingdom,8.123983304446954,47,"Lock, Stock and Two Smoking Barrels",571345,1998,1,0,0,0,1,1,0,0,0,0,0,0,0,0,0,0,0,0,0,0,0
156,24.0,21.0,29225935,tt0071315,https://www.imdb.com/title/tt0071315/,United States,8.129230407938005,130,Chinatown,319889,1974,0,0,0,0,0,0,1,0,0,0,0,0,0,0,1,0,0,0,1,0,0
154,63.0,48.0,940352645,tt0266543,https://www.imdb.com/title/tt0266543/,United States,8.131154694646376,40,Finding Nemo,1017754,2003,0,1,1,0,1,0,0,1,0,0,0,0,0,0,0,0,0,0,0,0,0
158,29.0,7.0,132511035,tt0434409,https://www.imdb.com/title/tt0434409/,"United States,United Kingdom,Germany",8.1265783331489,132,V for Vendetta,1099479,2005,1,0,0,0,0,0,1,0,0,0,0,0,0,0,0,0,1,0,1,0,0
155,28.0,24.0,23402427,tt0081398,https://www.imdb.com/title/tt0081398/,United States,8.130510660461857,129,Raging Bull,346297,1980,0,0,0,1,0,0,1,0,0,0,0,0,0,0,0,0,0,1,0,0,0
153,22.0,10.0,26023860,tt0080678,https://www.imdb.com/title/tt0080678/,"United States,United Kingdom",8.131431374172738,124,The Elephant Man,237089,1980,0,0,0,1,0,0,1,0,0,0,0,0,0,0,0,0,0,0,0,0,0
150,104.0,29.0,180906076,tt0266697,https://www.imdb.com/title/tt0266697/,United States,8.137195078608716,51,Kill Bill: Vol. 1,1084646,2003,1,0,0,0,0,1,1,0,0,0,0,0,0,0,0,0,0,0,1,0,0
151,27.0,44.0,1099428303,tt0107290,https://www.imdb.com/title/tt0107290/,United States,8.136928275542989,127,Jurassic Park,946248,1993,1,1,0,0,0,0,0,0,0,0,0,0,0,0,0,0,1,0,1,0,0
152,140.0,163.0,171627166,tt0477348,https://www.imdb.com/title/tt0477348/,United States,8.134911420888924,122,No Country for Old Men,942203,2007,0,0,0,0,0,1,1,0,0,0,0,0,0,0,0,0,0,0,1,0,0
147,5.0,9.0,46808,tt0042876,https://www.imdb.com/title/tt0042876/,Japan,8.143456359438902,28,Rashomon,165588,1950,0,0,0,0,0,1,1,0,0,0,0,0,0,0,1,0,0,0,0,0,0
148,11.0,3.0,228178,tt0057115,https://www.imdb.com/title/tt0057115/,United States,8.142606855138538,172,The Great Escape,240835,1963,0,1,0,0,0,0,1,0,0,0,1,0,0,0,0,0,0,0,1,1,0
145,2.0,4.0,46808,tt0055630,https://www.imdb.com/title/tt0055630/,Japan,8.149302068969389,50,Yojimbo,120928,1961,1,0,0,0,0,0,1,0,0,0,0,0,0,0,0,0,0,0,1,0,0
149,66.0,11.0,294805697,tt1130884,https://www.imdb.com/title/tt1130884/,United States,8.141930170281977,138,Shutter Island,1259082,2010,0,0,0,0,0,0,0,0,0,0,0,0,0,0,1,0,0,0,1,0,0
146,8.0,16.0,5014000,tt0040897,https://www.imdb.com/title/tt0040897/,United States,8.147827177597657,126,The Treasure of the Sierra Madre,123188,1948,0,1,0,0,0,0,1,0,0,0,0,0,0,0,0,0,0,0,0,0,1
142,69.0,37.0,316791257,tt0268978,https://www.imdb.com/title/tt0268978/,United States,8.153314795145857,135,A Beautiful Mind,911127,2001,0,0,0,1,0,0,1,0,0,0,0,0,0,0,0,0,0,0,0,0,0
143,3.0,3.0,1940906,tt0071853,https://www.imdb.com/title/tt0071853/,United Kingdom,8.153246686801534,31,Monty Python and the Holy Grail,531743,1975,0,1,0,0,1,0,0,0,1,0,0,0,0,0,0,0,0,0,0,0,0
144,69.0,40.0,264118201,tt0120382,https://www.imdb.com/title/tt0120382/,United States,8.150577892425815,43,The Truman Show,1037547,1998,0,0,0,0,1,0,1,0,0,0,0,0,0,0,0,0,0,0,0,0,0
141,56.0,37.0,672806432,tt0167404,https://www.imdb.com/title/tt0167404/,United States,8.153614187968833,47,The Sixth Sense,969492,1999,0,0,0,0,0,0,1,0,0,0,0,0,0,0,1,0,0,0,1,0,0
138,11.0,4.0,116112375,tt0112641,https://www.imdb.com/title/tt0112641/,"United States,France",8.163562163755552,178,Casino,506292,1995,0,0,0,0,0,1,1,0,0,0,0,0,0,0,0,0,0,0,0,0,0
136,47.0,50.0,159167799,tt0105695,https://www.imdb.com/title/tt0105695/,United States,8.165119100962972,130,Unforgiven,404254,1992,0,0,0,0,0,0,1,0,0,0,0,0,0,0,0,0,0,0,0,0,1
135,25.0,16.0,12180,tt0055031,https://www.imdb.com/title/tt0055031/,United States,8.168093933531921,179,Judgment at Nuremberg,76344,1961,0,0,0,0,0,0,1,0,0,0,0,0,0,0,0,0,0,0,0,1,0
140,137.0,116.0,76182388,tt0469494,https://www.imdb.com/title/tt0469494/,United States,8.154300831631398,158,There Will Be Blood,570137,2007,0,0,0,0,0,0,1,0,0,0,0,0,0,0,0,0,0,0,0,0,0
139,23.0,30.0,4164283,tt0089881,https://www.imdb.com/title/tt0089881/,"Japan,France",8.163289275747335,162,Ran,123405,1985,1,0,0,0,0,0,1,0,0,0,0,0,0,0,0,0,0,0,0,1,0
134,179.0,37.0,392000694,tt0993846,https://www.imdb.com/title/tt0993846/,United States,8.170861185283167,180,The Wolf of Wall Street,1342330,2013,0,0,0,1,1,1,1,0,0,0,0,0,0,0,0,0,0,0,0,0,0
137,115.0,109.0,83862032,tt0457430,https://www.imdb.com/title/tt0457430/,"Mexico,Spain",8.16389995251653,58,Pan's Labyrinth,656550,2006,0,0,0,0,0,0,1,0,1,0,0,0,0,0,0,0,0,0,0,1,0
133,124.0,59.0,321752656,tt6966692,https://www.imdb.com/title/tt6966692/,"United States,China",8.174268308887243,130,Green Book,464538,2018,0,0,0,1,1,0,1,0,0,0,0,0,1,0,0,0,0,0,0,0,0
132,20.0,26.0,151052,tt0042192,https://www.imdb.com/title/tt0042192/,United States,8.18019144511791,138,All About Eve,129660,1950,0,0,0,0,0,0,1,0,0,0,0,0,0,0,0,0,0,0,0,0,0
129,0.0,2.0,41960,tt0012349,https://www.imdb.com/title/tt0012349/,United States,8.194916997513648,8,The Kid,124594,1921,0,0,0,0,1,0,1,1,0,0,0,0,0,0,0,0,0,0,0,0,0
131,157.0,35.0,24517755,tt10272386,https://www.imdb.com/title/tt10272386/,"United Kingdom,France,United States",8.184350880595643,37,The Father,135657,2020,0,0,0,0,0,0,1,0,0,0,0,0,0,0,1,0,0,0,0,0,0
128,19.0,29.0,303723636,tt5074352,https://www.imdb.com/title/tt5074352/,"India,United States",8.198079145813237,161,Dangal,182982,2016,1,0,0,1,0,0,1,0,0,0,0,0,0,0,0,0,0,1,0,0,0
130,15.0,15.0,195088,tt0053291,https://www.imdb.com/title/tt0053291/,United States,8.191700600346675,120,Some Like It Hot,262334,1959,0,0,0,0,1,0,0,0,0,0,0,0,1,0,0,1,0,0,0,0,0
127,79.0,13.0,373672993,tt0372784,https://www.imdb.com/title/tt0372784/,"United States,United Kingdom",8.202677216664435,140,Batman Begins,1428074,2005,1,0,0,0,0,1,1,0,0,0,0,0,0,0,0,0,0,0,0,0,0
126,2.0,0.0,15000000,tt0059578,https://www.imdb.com/title/tt0059578/,"Italy,Spain,West Germany",8.20380822946872,132,For a Few Dollars More,251602,1965,0,0,0,0,0,0,0,0,0,0,0,0,0,0,0,0,0,0,0,0,1
124,15.0,24.0,21897373,tt0986264,https://www.imdb.com/title/tt0986264/,India,8.206469229795934,165,Like Stars on Earth,188640,2007,0,0,0,0,0,0,1,1,0,0,0,0,0,0,0,0,0,0,0,0,0
123,206.0,134.0,384919389,tt8579674,https://www.imdb.com/title/tt8579674/,"United Kingdom,United States,India,Spain",8.212311844863878,59,1917,550686,2019,1,0,0,0,0,0,1,0,0,0,0,0,0,0,0,0,0,0,0,1,0
125,34.0,22.0,92181574,tt0363163,https://www.imdb.com/title/tt0363163/,"Germany,Austria,Italy",8.204757722865496,156,Downfall,350386,2004,0,0,0,1,0,0,1,0,0,0,1,0,0,0,0,0,0,0,0,1,0
121,22.0,8.0,474171806,tt0097576,https://www.imdb.com/title/tt0097576/,United States,8.21842735989657,127,Indiana Jones and the Last Crusade,738574,1989,1,1,0,0,0,0,0,0,0,0,0,0,0,0,0,0,0,0,0,0,0
120,18.0,40.0,6788659,tt1255953,https://www.imdb.com/title/tt1255953/,"Canada,France",8.218997103038085,131,Incendies,172233,2010,0,0,0,0,0,0,1,0,0,0,0,0,0,0,1,0,0,0,0,1,0
122,3.0,20.0,436655,tt0040522,https://www.imdb.com/title/tt0040522/,Italy,8.217737780232639,29,Bicycle Thieves,160833,1948,0,0,0,0,0,0,1,0,0,0,0,0,0,0,0,0,0,0,0,0,0
119,6.0,8.0,141603197,tt0095016,https://www.imdb.com/title/tt0095016/,United States,8.220330546205524,132,Die Hard,857612,1988,1,0,0,0,0,0,0,0,0,0,0,0,0,0,0,0,0,0,1,0,0
118,50.0,89.0,22926076,tt1832382,https://www.imdb.com/title/tt1832382/,"Iran,France,Australia",8.220585166791285,123,A Separation,241450,2011,0,0,0,0,0,0,1,0,0,0,0,0,0,0,0,0,0,0,0,0,0
116,7.0,6.0,1349711,tt0017136,https://www.imdb.com/title/tt0017136/,Germany,8.221208101547193,153,Metropolis,171615,1927,0,0,0,0,0,0,1,0,0,0,0,0,0,0,0,0,1,0,0,0,0
117,7.0,4.0,83557872,tt0208092,https://www.imdb.com/title/tt0208092/,"United Kingdom,United States",8.220806063505497,42,Snatch,837091,2000,0,0,0,0,1,1,0,0,0,0,0,0,0,0,0,0,0,0,0,0,0
114,87.0,79.0,735099102,tt1049413,https://www.imdb.com/title/tt1049413/,United States,8.224179110131876,36,Up,1014510,2009,0,1,1,0,1,0,1,1,0,0,0,0,0,0,0,0,0,0,0,0,0
112,86.0,92.0,126216940,tt0119488,https://www.imdb.com/title/tt0119488/,United States,8.225628458471064,138,L.A. Confidential,571878,1997,0,0,0,0,0,1,1,0,0,0,0,0,0,0,1,0,0,0,1,0,0
115,14.0,0.0,187436818,tt0113277,https://www.imdb.com/title/tt0113277/,United States,8.222863348030497,170,Heat,634327,1995,1,0,0,0,0,1,1,0,0,0,0,0,0,0,0,0,0,0,0,0,0
111,6.0,18.0,156000000,tt0070735,https://www.imdb.com/title/tt0070735/,United States,8.229009776582359,129,The Sting,257668,1973,0,0,0,0,1,1,1,0,0,0,0,0,0,0,0,0,0,0,0,0,0
110,20.0,22.0,28570902,tt0075314,https://www.imdb.com/title/tt0075314/,United States,8.229137639732425,54,Taxi Driver,797488,1976,0,0,0,0,0,1,1,0,0,0,0,0,0,0,0,0,0,0,0,0,0
113,46.0,18.0,0,tt8503618,https://www.imdb.com/title/tt8503618/,United States,8.225338185198346,160,Hamilton,87329,2020,0,0,0,1,0,0,1,0,0,0,1,0,0,1,0,0,0,0,0,0,0
109,2.0,5.0,96302,tt0044741,https://www.imdb.com/title/tt0044741/,Japan,8.229146098950602,143,Ikiru,76794,1952,0,0,0,0,0,0,1,0,0,0,0,0,0,0,0,0,0,0,0,0,0
107,55.0,27.0,1892667830,tt10872600,https://www.imdb.com/title/tt10872600/,United States,8.232180438664082,148,Spider-Man: No Way Home,633370,2021,1,1,0,0,0,0,0,0,1,0,0,0,0,0,0,0,1,0,0,0,0
106,8.0,0.0,65884703,tt0086250,https://www.imdb.com/title/tt0086250/,United States,8.23501273623612,170,Scarface,811468,1983,0,0,0,0,0,1,1,0,0,0,0,0,0,0,0,0,0,0,0,0,0
108,16.0,14.0,599146,tt0056592,https://www.imdb.com/title/tt0056592/,United States,8.229260014561376,129,To Kill a Mockingbird,311898,1962,0,0,0,0,0,1,1,0,0,0,0,0,0,0,0,0,0,0,0,0,0
104,9.0,2.0,14190,tt0036775,https://www.imdb.com/title/tt0036775/,United States,8.238227830082476,47,Double Indemnity,154361,1944,0,0,0,0,0,1,1,0,0,1,0,0,0,0,1,0,0,0,1,0,0
105,8.0,24.0,18778738,tt0053604,https://www.imdb.com/title/tt0053604/,United States,8.236918885267775,125,The Apartment,178280,1960,0,0,0,0,1,0,1,0,0,0,0,0,0,0,0,1,0,0,0,0,0
103,15.0,8.0,46357676,tt0093058,https://www.imdb.com/title/tt0093058/,"United Kingdom,United States",8.24037240840945,56,Full Metal Jacket,724659,1987,0,0,0,0,0,0,1,0,0,0,0,0,0,0,0,0,0,0,0,1,0
102,0.0,3.0,20929648,tt0091251,https://www.imdb.com/title/tt0091251/,Soviet Union,8.243084814458316,142,Come and See,75058,1985,0,0,0,0,0,0,1,0,0,0,0,0,0,0,0,0,0,0,1,1,0
100,74.0,59.0,174118254,tt0211915,https://www.imdb.com/title/tt0211915/,"France,Germany",8.247175796669508,122,Amélie,743671,2001,0,0,0,0,1,0,0,0,0,0,0,0,0,0,0,1,0,0,0,0,0
101,24.0,12.0,26960374,tt0066921,https://www.imdb.com/title/tt0066921/,"United Kingdom,United States",8.24557556369902,136,A Clockwork Orange,810319,1971,0,0,0,0,0,1,0,0,0,0,0,0,0,0,0,0,1,0,0,0,0
98,10.0,8.0,142319,tt0053125,https://www.imdb.com/title/tt0053125/,United States,8.25422203225766,136,North by Northwest,321766,1959,1,1,0,0,0,0,0,0,0,0,0,0,0,0,1,0,0,0,1,0,0
95,15.0,31.0,45716692,tt0056172,https://www.imdb.com/title/tt0056172/,United Kingdom,8.256624249065617,218,Lawrence of Arabia,288170,1962,0,1,0,1,0,0,1,0,0,0,0,0,0,0,0,0,0,0,0,1,0
99,7.0,8.0,7797728,tt0052357,https://www.imdb.com/title/tt0052357/,United States,8.248361003443062,128,Vertigo,394575,1958,0,0,0,0,0,0,0,0,0,0,0,0,0,0,1,1,0,0,1,0,0
97,73.0,38.0,15843274,tt2106476,https://www.imdb.com/title/tt2106476/,"Denmark,Sweden",8.254870896528434,55,The Hunt,319839,2012,0,0,0,0,0,0,1,0,0,0,0,0,0,0,0,0,0,0,0,0,0
96,0.0,2.0,35566,tt0022100,https://www.imdb.com/title/tt0022100/,Germany,8.255054474916223,39,M,155327,1931,0,0,0,0,0,1,0,0,0,0,0,0,0,0,1,0,0,0,1,0,0
94,53.0,35.0,64417003,tt8267604,https://www.imdb.com/title/tt8267604/,"Lebanon,France,Cyprus,Qatar,United Kingdom",8.258196547077159,126,Capernaum,84808,2018,0,0,0,0,0,0,1,0,0,0,0,0,0,0,0,0,0,0,0,0,0
92,3.0,3.0,46808,tt0057565,https://www.imdb.com/title/tt0057565/,Japan,8.262519235379267,143,High and Low,42854,1963,0,0,0,0,0,1,1,0,0,0,0,0,0,0,1,0,0,0,1,0,0
90,23.0,12.0,2913644,tt0105236,https://www.imdb.com/title/tt0105236/,United States,8.265230586376887,39,Reservoir Dogs,990951,1992,0,0,0,0,0,1,1,0,0,0,0,0,0,0,0,0,0,0,1,0,0
93,13.0,11.0,1645133,tt0033467,https://www.imdb.com/title/tt0033467/,United States,8.258737464739871,59,Citizen Kane,434517,1941,0,0,0,0,0,0,1,0,0,0,0,0,0,0,1,0,0,0,0,0,0
88,20.0,23.0,475106177,tt0086190,https://www.imdb.com/title/tt0086190/,United States,8.268470997081328,131,Star Wars: Episode VI - Return of the Jedi,1022430,1983,1,1,0,0,0,0,0,0,1,0,0,0,0,0,0,0,1,0,0,0,0
91,111.0,73.0,74036715,tt0338013,https://www.imdb.com/title/tt0338013/,United States,8.265104019038377,48,Eternal Sunshine of the Spotless Mind,981617,2004,0,0,0,0,0,0,1,0,0,0,0,0,0,0,0,1,1,0,0,0,0
89,12.0,16.0,65877808,tt0062622,https://www.imdb.com/title/tt0062622/,"United Kingdom,United States",8.266114131258925,149,2001: A Space Odyssey,652035,1968,0,1,0,0,0,0,0,0,0,0,0,0,0,0,0,0,1,0,0,0,0
87,27.0,63.0,60262836,tt1187043,https://www.imdb.com/title/tt1187043/,India,8.268613209758325,170,3 Idiots,386327,2009,0,0,0,0,1,0,1,0,0,0,0,0,0,0,0,0,0,0,0,0,0
85,9.0,7.0,1923485,tt0045152,https://www.imdb.com/title/tt0045152/,United States,8.274018677043886,43,Singin' in the Rain,237303,1952,0,0,0,0,1,0,0,0,0,0,0,0,0,1,0,1,0,0,0,0,0
84,96.0,61.0,1066970811,tt0435761,https://www.imdb.com/title/tt0435761/,United States,8.277002822343832,43,Toy Story 3,814156,2010,0,1,1,0,1,0,0,1,1,0,0,0,0,0,0,0,0,0,0,0,0
83,70.0,37.0,7390108,tt0180093,https://www.imdb.com/title/tt0180093/,United States,8.277585321419714,42,Requiem for a Dream,821343,2000,0,0,0,0,0,0,1,0,0,0,0,0,0,0,0,0,0,0,0,0,0
82,61.0,24.0,225933435,tt0119217,https://www.imdb.com/title/tt0119217/,United States,8.28613564510003,126,Good Will Hunting,938079,1997,0,0,0,0,0,0,1,0,0,0,0,0,0,0,0,1,0,0,0,0,0
86,26.0,16.0,358180115,tt5311514,https://www.imdb.com/title/tt5311514/,Japan,8.273608501215431,46,Your Name.,250846,2016,0,0,1,0,0,0,1,0,1,0,0,0,0,0,0,1,0,0,0,0,0
81,132.0,70.0,2797501328,tt4154796,https://www.imdb.com/title/tt4154796/,United States,8.300276483649586,180,Avengers: Endgame,1053227,2019,1,1,0,0,0,0,1,0,0,0,0,0,0,0,0,0,1,0,0,0,0
80,12.0,12.0,5473337,tt0087843,https://www.imdb.com/title/tt0087843/,"Italy,United States",8.30198783020889,229,Once Upon a Time in America,343112,1984,0,0,0,0,0,1,1,0,0,0,0,0,0,0,0,0,0,0,0,0,0
76,40.0,109.0,807817888,tt2380307,https://www.imdb.com/title/tt2380307/,United States,8.312307826296701,45,Coco,477636,2017,0,1,1,0,1,0,0,1,1,0,0,0,1,0,1,0,0,0,0,0,0
79,7.0,14.0,169785704,tt0119698,https://www.imdb.com/title/tt0119698/,Japan,8.30400455997595,134,Princess Mononoke,382345,1997,1,1,1,0,0,0,0,0,1,0,0,0,0,0,0,0,0,0,0,0,0
74,15.0,43.0,52066791,tt0086879,https://www.imdb.com/title/tt0086879/,"United States,France",8.315344774106299,160,Amadeus,393682,1984,0,0,0,1,0,0,1,0,0,0,0,0,1,0,0,0,0,0,0,0,0
77,11.0,13.0,11487676,tt0082096,https://www.imdb.com/title/tt0082096/,West Germany,8.31203607319612,149,The Boat,247158,1981,0,0,0,0,0,0,1,0,0,0,0,0,0,0,0,0,0,0,0,1,0
78,172.0,133.0,321457747,tt0361748,https://www.imdb.com/title/tt0361748/,"Germany,United States",8.310289737946771,153,Inglourious Basterds,1395325,2009,0,1,0,0,0,0,1,0,0,0,0,0,0,0,0,0,0,0,0,1,0
57,158.0,58.0,426074373,tt1853728,https://www.imdb.com/title/tt1853728/,United States,8.402137602122277,165,Django Unchained,1496148,2012,0,0,0,0,0,0,1,0,0,0,0,0,0,0,0,0,0,0,0,0,1
58,95.0,94.0,521311890,tt0910970,https://www.imdb.com/title/tt0910970/,United States,8.392357993795095,38,WALL·E,1084521,2008,0,1,1,0,0,0,0,1,0,0,0,0,0,0,0,0,1,0,0,0,0
56,24.0,38.0,389925971,tt0082971,https://www.imdb.com/title/tt0082971/,United States,8.412016282142938,55,Indiana Jones and the Raiders of the Lost Ark,943953,1981,1,1,0,0,0,0,0,0,0,0,0,0,0,0,0,0,0,0,0,0,0
54,33.0,21.0,92158064,tt0078788,https://www.imdb.com/title/tt0078788/,United States,8.425574742312763,147,Apocalypse Now,651438,1979,0,0,0,0,0,0,1,0,0,0,0,0,0,0,1,0,0,0,0,1,0
55,0.0,0.0,53355613,tt6710474,https://www.imdb.com/title/tt6710474/,United States,8.417487233553732,139,Everything Everywhere All at Once,52607,2022,1,1,0,0,1,0,0,0,1,0,0,0,0,0,0,0,1,0,0,0,0
53,59.0,57.0,40047078,tt0209144,https://www.imdb.com/title/tt0209144/,United States,8.42647989224183,53,Memento,1207738,2000,0,0,0,0,0,0,0,0,0,0,0,0,0,0,1,0,0,0,1,0,0
51,0.0,3.0,50419,tt0021749,https://www.imdb.com/title/tt0021749/,United States,8.434536282272688,27,City Lights,181661,1931,0,0,0,0,1,0,1,0,0,0,0,0,0,0,0,1,0,0,0,0,0
52,32.0,25.0,13019063,tt0095765,https://www.imdb.com/title/tt0095765/,"Italy,France",8.428860526890515,155,Cinema Paradiso,254795,1988,0,0,0,0,0,0,1,0,0,0,0,0,0,0,0,1,0,0,0,0,0
75,23.0,27.0,394436586,tt0114709,https://www.imdb.com/title/tt0114709/,United States,8.314325883793037,21,Toy Story,964171,1995,0,1,1,0,1,0,0,1,1,0,0,0,0,0,0,0,0,0,0,0,0
49,13.0,6.0,37034514,tt0047396,https://www.imdb.com/title/tt0047396/,United States,8.43752385609707,52,Rear Window,480852,1954,0,0,0,0,0,0,0,0,0,0,0,0,0,0,1,0,0,0,1,0,0
48,0.0,3.0,516962,tt0095327,https://www.imdb.com/title/tt0095327/,Japan,8.44691731721153,29,Grave of the Fireflies,267041,1988,0,0,1,0,0,0,1,0,0,0,0,0,0,0,0,0,0,0,0,1,0
50,22.0,18.0,106285522,tt0078748,https://www.imdb.com/title/tt0078748/,"United Kingdom,United States",8.435506956225813,57,Alien,854317,1979,0,0,0,0,0,0,0,0,0,0,0,1,0,0,0,0,1,0,0,0,0
46,3.0,9.0,15222,tt0056058,https://www.imdb.com/title/tt0056058/,Japan,8.448974308109836,133,Hara-Kiri,53962,1962,1,0,0,0,0,0,1,0,0,0,0,0,0,0,1,0,0,0,0,0,0
45,0.0,4.0,461455,tt0027977,https://www.imdb.com/title/tt0027977/,United States,8.450098102021581,27,Modern Times,237403,1936,0,0,0,0,1,0,1,0,0,0,0,0,0,0,0,1,0,0,0,0,0
47,5.0,4.0,5434825,tt0064116,https://www.imdb.com/title/tt0064116/,"Italy,United States",8.448302246102402,165,Once Upon a Time in the West,323486,1968,0,0,0,0,0,0,0,0,0,0,0,0,0,0,0,0,0,0,0,0,1
44,40.0,38.0,426588510,tt1675434,https://www.imdb.com/title/tt1675434/,France,8.454223614307704,52,The Intouchables,832238,2011,0,0,0,1,1,0,1,0,0,0,0,0,0,0,0,0,0,0,0,0,0
42,9.0,10.0,4497613,tt0034583,https://www.imdb.com/title/tt0034583/,United States,8.465753359546618,42,Casablanca,559771,1942,0,0,0,0,0,0,1,0,0,0,0,0,0,0,0,1,0,0,0,1,0
43,145.0,98.0,49396747,tt2582802,https://www.imdb.com/title/tt2582802/,United States,8.459401908395318,46,Whiplash,809370,2014,0,0,0,0,0,0,1,0,0,0,0,0,1,0,0,0,0,0,0,0,0
41,45.0,6.0,109676311,tt0482571,https://www.imdb.com/title/tt0482571/,"United States,United Kingdom",8.467832950325949,130,The Prestige,1294511,2006,0,0,0,0,0,0,1,0,0,0,0,0,0,0,1,0,0,0,1,0,0
39,17.0,37.0,23341568,tt0114814,https://www.imdb.com/title/tt0114814/,"United States,Germany",8.47714278590429,46,The Usual Suspects,1061097,1995,0,0,0,0,0,1,1,0,0,0,0,0,0,0,1,0,0,0,1,0,0
38,15.0,4.0,23875127,tt0120586,https://www.imdb.com/title/tt0120586/,United States,8.484917533093785,59,American History X,1096821,1998,0,0,0,0,0,0,1,0,0,0,0,0,0,0,0,0,0,0,0,0,0
40,141.0,97.0,291480452,tt0407887,https://www.imdb.com/title/tt0407887/,"United States,Hong Kong",8.474958893325757,151,The Departed,1286713,2006,0,0,0,0,0,1,1,0,0,0,0,0,0,0,0,0,0,0,1,0,0
37,106.0,59.0,465380802,tt0172495,https://www.imdb.com/title/tt0172495/,"United States,United Kingdom,Malta,Morocco",8.484983788920223,155,Gladiator,1454810,2000,1,1,0,0,0,0,1,0,0,0,0,0,0,0,0,0,0,0,0,0,0
35,271.0,308.0,263136741,tt6751668,https://www.imdb.com/title/tt6751668/,South Korea,8.495426836739846,132,Parasite,744137,2019,0,0,0,0,1,0,1,0,0,0,0,0,0,0,0,0,0,0,1,0,0
33,74.0,57.0,120072577,tt0253474,https://www.imdb.com/title/tt0253474/,"France,Poland,Germany,United Kingdom",8.504516077399792,150,The Pianist,805664,2002,0,0,0,1,0,0,1,0,0,0,0,0,1,0,0,0,0,0,0,1,0
34,15.0,6.0,19552639,tt0110413,https://www.imdb.com/title/tt0110413/,"France,United States",8.501289163294404,50,Léon: The Professional,1127170,1994,1,0,0,0,0,1,1,0,0,0,0,0,0,0,0,0,0,0,1,0,0
31,31.0,58.0,355725195,tt0245429,https://www.imdb.com/title/tt0245429/,Japan,8.515336609387232,125,Spirited Away,732808,2001,0,1,1,0,0,0,0,1,1,0,0,0,0,0,1,0,0,0,0,0,0
36,35.0,40.0,1063611805,tt0110357,https://www.imdb.com/title/tt0110357/,United States,8.488450167440597,28,The Lion King,1025076,1994,0,1,1,0,0,0,1,1,0,0,0,0,0,1,0,0,0,0,0,0,0
30,25.0,22.0,383336762,tt0088763,https://www.imdb.com/title/tt0088763/,United States,8.517801774796306,56,Back to the Future,1161311,1985,0,1,0,0,1,0,0,0,0,0,0,0,0,0,0,0,1,0,0,0,0
29,33.0,36.0,520881154,tt0103064,https://www.imdb.com/title/tt0103064/,United States,8.534725362936072,137,Terminator 2: Judgment Day,1068779,1991,1,0,0,0,0,0,0,0,0,0,0,0,0,0,0,0,1,0,0,0,0
32,14.0,7.0,32041931,tt0054215,https://www.imdb.com/title/tt0054215/,United States,8.508710337611323,49,Psycho,653594,1960,0,0,0,0,0,0,0,0,0,0,0,1,0,0,1,0,0,0,1,0,0
28,148.0,44.0,701729206,tt0816692,https://www.imdb.com/title/tt0816692/,"United States,United Kingdom,Canada",8.554202402112955,169,Interstellar,1731453,2014,0,1,0,0,0,0,1,0,0,0,0,0,0,0,0,0,1,0,0,0,0
26,37.0,15.0,286801374,tt0120689,https://www.imdb.com/title/tt0120689/,United States,8.559432642423364,189,The Green Mile,1258309,1999,0,0,0,0,0,1,1,0,1,0,0,0,0,0,1,0,0,0,0,0,0
27,29.0,63.0,775398007,tt0076759,https://www.imdb.com/title/tt0076759/,United States,8.554667780931466,120,Star Wars,1323126,1977,1,1,0,0,0,0,0,0,1,0,0,0,0,0,0,0,1,0,0,0,0
24,75.0,79.0,482349603,tt0120815,https://www.imdb.com/title/tt0120815/,United States,8.577370654735892,169,Saving Private Ryan,1347506,1998,0,0,0,0,0,0,1,0,0,0,0,0,0,0,0,0,0,0,0,1,0
25,52.0,72.0,230098753,tt0118799,https://www.imdb.com/title/tt0118799/,Italy,8.566067964195756,56,Life Is Beautiful,676910,1997,0,0,0,0,1,0,1,0,0,0,0,0,0,0,0,1,0,0,0,1,0
23,50.0,74.0,30680793,tt0317248,https://www.imdb.com/title/tt0317248/,"Brazil,France,Germany",8.579096038750137,130,City of God,741487,2002,0,0,0,0,0,1,1,0,0,0,0,0,0,0,0,0,0,0,0,0,0
21,6.0,6.0,6184298,tt0038650,https://www.imdb.com/title/tt0038650/,United States,8.597057974665104,130,It's a Wonderful Life,445099,1946,0,0,0,0,0,0,1,1,1,0,0,0,0,0,0,1,0,0,0,0,0
22,51.0,69.0,272742922,tt0102926,https://www.imdb.com/title/tt0102926/,United States,8.587969861835072,58,The Silence of the Lambs,1385996,1991,0,0,0,0,0,1,1,0,0,0,0,0,0,0,0,0,0,0,1,0,0
17,38.0,44.0,47036784,tt0099685,https://www.imdb.com/title/tt0099685/,United States,8.650625471054251,145,Goodfellas,1116507,1990,0,0,0,1,0,1,1,0,0,0,0,0,0,0,0,0,0,0,0,0,0
19,43.0,29.0,327333559,tt0114369,https://www.imdb.com/title/tt0114369/,United States,8.60382855812103,127,Se7en,1588188,1995,0,0,0,0,0,1,1,0,0,0,0,0,0,0,1,0,0,0,1,0,0
15,20.0,25.0,538375067,tt0080684,https://www.imdb.com/title/tt0080684/,United States,8.701751995946081,124,Star Wars: Episode V - The Empire Strikes Back,1251606,1980,1,1,0,0,0,0,0,0,1,0,0,0,0,0,0,0,1,0,0,0,0
20,8.0,5.0,346258,tt0047478,https://www.imdb.com/title/tt0047478/,Japan,8.599278493497744,207,Seven Samurai,339234,1954,1,0,0,0,0,0,1,0,0,0,0,0,0,0,0,0,0,0,0,0,0
16,51.0,42.0,467222728,tt0133093,https://www.imdb.com/title/tt0133093/,"United States,Australia",8.671113253791757,136,The Matrix,1859792,1999,1,0,0,0,0,0,0,0,0,0,0,0,0,0,0,0,1,0,0,0,0
14,138.0,126.0,947896241,tt0167261,https://www.imdb.com/title/tt0167261/,"New Zealand,United States",8.72734591842639,179,The Lord of the Rings: The Two Towers,1606364,2002,1,1,0,0,0,0,1,0,1,0,0,0,0,0,0,0,0,0,0,0,0
18,16.0,38.0,109114817,tt0073486,https://www.imdb.com/title/tt0073486/,United States,8.641547315338958,133,One Flew Over the Cuckoo's Nest,983882,1975,0,0,0,0,0,0,1,0,0,0,0,0,0,0,0,0,0,0,0,0,0
11,75.0,50.0,678226133,tt0109830,https://www.imdb.com/title/tt0109830/,United States,8.767233436926656,142,Forrest Gump,1997388,1994,0,0,0,0,0,0,1,0,0,0,0,0,0,0,0,1,0,0,0,0,0
12,38.0,11.0,101209702,tt0137523,https://www.imdb.com/title/tt0137523/,"United States,Germany",8.750350993235886,139,Fight Club,2037568,1999,0,0,0,0,0,0,1,0,0,0,0,0,0,0,0,0,0,0,0,0,0
10,6.0,3.0,25253887,tt0060196,https://www.imdb.com/title/tt0060196/,"Italy,Spain,West Germany",8.794027494061158,178,"The Good, the Bad and the Ugly",742991,1966,0,1,0,0,0,0,0,0,0,0,0,0,0,0,0,0,0,0,0,0,1
13,220.0,157.0,836848102,tt1375666,https://www.imdb.com/title/tt1375666/,"United States,United Kingdom",8.732841838435895,148,Inception,2271280,2010,1,1,0,0,0,0,0,0,0,0,0,0,0,0,0,0,1,0,1,0,0
7,124.0,209.0,1146436214,tt0167260,https://www.imdb.com/title/tt0167260/,"New Zealand,United States",8.920464685692922,201,The Lord of the Rings: The Return of the King,1778559,2003,1,1,0,0,0,0,1,0,1,0,0,0,0,0,0,0,0,0,0,0,0
9,126.0,121.0,898094742,tt0120737,https://www.imdb.com/title/tt0120737/,"New Zealand,United States",8.803185043479054,178,The Lord of the Rings: The Fellowship of the Ring,1799796,2001,1,1,0,0,0,0,1,0,1,0,0,0,0,0,0,0,0,0,0,0,0
8,75.0,70.0,213928762,tt0110912,https://www.imdb.com/title/tt0110912/,United States,8.851101474587734,154,Pulp Fiction,1984862,1994,0,0,0,0,0,1,1,0,0,0,0,0,0,0,0,0,0,0,0,0,0
6,49.0,91.0,322161245,tt0108052,https://www.imdb.com/title/tt0108052/,United States,8.934918115215382,195,Schindler's List,1317176,1993,0,0,0,1,0,0,1,0,0,0,1,0,0,0,0,0,0,0,0,0,0
5,13.0,17.0,955,tt0050083,https://www.imdb.com/title/tt0050083/,United States,8.946997807112625,36,12 Angry Men,764562,1957,0,0,0,0,0,1,1,0,0,0,0,0,0,0,0,0,0,0,0,0,0
3,163.0,159.0,1006102277,tt0468569,https://www.imdb.com/title/tt0468569/,"United States,United Kingdom",8.984836030870719,152,The Dark Knight,2558932,2008,1,0,0,0,0,1,1,0,0,0,0,0,0,0,0,0,0,0,1,0,0
4,20.0,17.0,47961010,tt0071562,https://www.imdb.com/title/tt0071562/,United States,8.983848459451055,202,The Godfather: Part II,1231622,1974,0,0,0,0,0,1,1,0,0,0,0,0,0,0,0,0,0,0,0,0,0
2,30.0,31.0,250341816,tt0068646,https://www.imdb.com/title/tt0068646/,United States,9.155749391572598,175,The Godfather,1783682,1972,0,0,0,0,0,1,1,0,0,0,0,0,0,0,0,0,0,0,0,0,0
